symbol,first,last,days,avg_close,avg_volume,avg_mcap,daily_vol,worst_day,best_day
XNDR,2018-08-01,2022-12-31,1614,147.47915722304833,511679024.9045849,12018452895.144361,0.06941285068501611,-0.629027472236483,0.6606637935052604
GLDN,2018-10-29,2022-12-31,1525,203.64853980393443,167563865.51540983,423468760901.02167,0.060699538056897394,-0.5157450109502714,0.5313640006665331
FLUX,2018-01-01,2022-12-31,1826,193.90918306462214,497290355.84665936,354862272735.32697,0.05894217504217744,-0.5083869679707972,0.2539801625518969
JUNO,2019-04-01,2022-12-31,1371,1283.286385402626,96892693.92997812,3720882520584.965,0.05686676852545482,-0.3981623225964544,0.42362116658803245
TRNX,2019-01-30,2022-12-31,1432,2700.816721180866,481395923.6340782,4079467869706.031,0.0536796688173758,-0.31038506109036385,0.27653574461119435
WAVE,2018-06-10,2022-12-31,1666,778.9516021398559,276212062.4447779,633578348258.1206,0.050817536252126115,-0.3517731520762532,0.8242280703470023
PLSR,2019-02-08,2022-12-31,1423,83.40734021503866,141715981.98664793,160736145001.3879,0.050470532189350076,-0.29706068189149154,0.22117726794619877
EMBR,2018-01-01,2022-12-31,1826,2951.693826784228,75531575.59474261,5806752463944.79,0.04901786807498358,-0.20974353964447873,0.445476854407425
ORBT,2018-06-12,2022-12-31,1664,16718.691823160458,722177390.2295673,51627692220524.83,0.04901256902606309,-0.2557579200031686,0.40973596683323393
QNTA,2019-01-19,2022-12-31,1443,37320.79549254678,485582890.961885,98333614246128.78,0.047023893132603016,-0.4047675896534883,0.2311896923217971
CIVN,2018-01-01,2022-12-31,1826,107.65930470317635,881709232.8094195,103878664854.73494,0.046747214753640666,-0.30277978676575995,0.2533294174868692
RVLT,2019-01-20,2022-12-31,1442,4518.021531746879,463367287.68377256,4319816385841.794,0.04431099844679462,-0.32063092831390755,0.24409431816993324
UMBR,2018-11-06,2022-12-31,1517,685.6814037785102,885152962.2346737,1204988220423.9124,0.04227079895084306,-0.2104214032029643,0.1621341367736571
DRFT,2018-01-01,2022-12-31,1826,268.6635488269441,645992638.7732749,316923415292.908,0.041394118169615135,-0.2626778788461354,0.2348360813296288
VRTX,2018-04-28,2022-12-31,1709,42222.18278409713,713511651.535986,64144417586652.42,0.036247407905611186,-0.1834184898749125,0.2175741102292002
SLCE,2018-11-19,2022-12-31,1504,11758.362122478058,668094043.8071809,4818588550117.076,0.03557524089220431,-0.24445100834029407,0.21848047188876318
KRYO,2019-04-07,2022-12-31,1365,196.75836756117215,772004505.1282052,45910139720.413185,0.03481269678770043,-0.2403628199122162,0.26874328485759047
MRDN,2018-08-31,2022-12-31,1584,649.5847325883838,458232385.9002525,1000318987254.7146,0.03326592470310869,-0.36141106187969263,0.2254010838498074
HRZN,2018-08-01,2022-12-31,1614,255.0690141858736,740350179.4491946,320230140303.9777,0.03304249207552985,-0.17571411834873732,0.2597966656092808
NOVA,2018-11-02,2022-12-31,1521,4253.606226877055,281925375.0420776,1371084637778.4807,0.03251500480843637,-0.21086721392900426,0.25038315220187174
BLTC,2018-01-01,2022-12-31,1826,174.18274613636362,506039612.2688938,170637915564.40253,0.0314278840290797,-0.17206546230406417,0.1513027638444939
IONA,2018-02-09,2022-12-31,1787,1611.4899062036934,425915878.7783995,3094021317662.318,0.031079969563962695,-0.18515833814789565,0.28935899297993767
YLDS,2018-09-09,2022-12-31,1575,139.92369761142857,781574086.7073016,353910978286.7352,0.030137365037677298,-0.15616307226579962,0.12750303339195304
AURX,2018-01-01,2022-12-31,1826,169.0208742513691,60904804.702081054,138813021333.8505,0.02928268132880626,-0.20224471691638624,0.24652438079984637
LMNA,2018-03-16,2022-12-31,1752,641.2225732151827,25408200.136415526,621121855910.5885,0.027432957393071063,-0.11377424632110282,0.17428036878974812
