feature,importance,std
vol_90,0.00026368206575878736,8.199621328326614e-06
range_ma_7,0.00017629895151114716,2.117364838399891e-05
atr_pct_7,0.00016752765652020574,1.1973005389965157e-05
vol_14,0.00012504245707536712,3.5954918302806613e-06
vol_7,9.117298955385832e-05,5.885413899558903e-06
vol_30,3.839684545661285e-05,6.328657424800508e-06
vol_3,3.4794160082109636e-05,4.668493638542759e-06
log_mcap,3.40028748379434e-05,1.0962586682800256e-05
rel_vol_7,3.033022225787732e-05,2.4682254879954464e-06
parkinson_14,2.5290585083175925e-05,6.002524584044636e-06
amihud_14,2.5235008939248255e-05,3.911338012682766e-06
bb_width_20,2.4758945955702383e-05,4.622008048261048e-06
sma_ratio_7,1.9820578774200116e-05,2.898447104397591e-06
range_ma_14,1.5800757159965356e-05,4.775187463573992e-06
abs_ret_1,1.4789854243846962e-05,4.627602537233856e-06
ret_3,1.231725616198063e-05,3.93171042109694e-06
vol_ratio_7_30,1.2147715607217549e-05,4.2161479828570855e-06
atr_pct_14,8.534882284619063e-06,2.417455430771328e-06
liq_ratio_ma_7,7.723666556225714e-06,4.1153628043197685e-07
ret_1,6.003800263085918e-06,2.0915032048762293e-06
volume_ratio_30,3.318671423468746e-06,3.612580245615559e-06
bb_pctb_20,2.558635726611127e-06,2.3648295388999183e-06
ret_7,2.402434157566108e-06,3.6397666369196067e-06
garman_klass_14,2.3273655193195575e-06,3.948904731438339e-06
market_ret_7,1.3181963629943043e-06,1.5047034032022627e-06
liq_ratio,9.469011113399928e-07,2.731411762646252e-06
rsi_14,6.038494773710305e-07,1.4860528241884521e-06
vol_ratio_3_14,5.765371551893587e-07,4.042289042140071e-06
volume_chg_1,4.5799384241461866e-07,1.2408055208658828e-06
volume_ratio_7,2.624585759188521e-07,6.634861054879291e-07
dow_sin,2.6983476655630573e-08,4.793663430097256e-07
sma_ratio_30,-4.1441226973406203e-07,3.596451868994596e-06
liq_ratio_chg_7,-5.790888096708172e-07,1.3815702418868678e-06
range_hl,-8.505585350505421e-07,1.5058296784715076e-06
volume_std_14,-1.033809081124835e-06,2.715800475385737e-06
dow_cos,-1.3338181671535925e-06,3.071223518850343e-07
log_age_days,-2.658831779174762e-06,6.3386702838589065e-06
downside_vol_14,-5.430537216391297e-06,4.261531175839987e-06
market_vol_7,-6.02758547258118e-06,9.99225796412507e-07
log_volume,-6.15635803530995e-06,3.2043395792619556e-06
ret_30,-6.576728570688768e-06,3.863337900529926e-06
ema_ratio_12_26,-8.027709262250354e-06,2.3888230129280046e-06
