symbol,RMSE,MAE,R2
AURX,0.009187676661592922,0.007030746378926118,-0.019914579051158343
LMNA,0.01099319723087884,0.008054133836017286,-0.0075005247220485405
YLDS,0.011380519180364002,0.0083720541941118,-0.042165463120429125
BLTC,0.011559600538303535,0.008746394445672389,-0.05324961644128945
HRZN,0.013292648095426745,0.010205705781315026,0.031408821631121686
MRDN,0.014040476678705706,0.010694577390364052,-0.10479146763082325
JUNO,0.0144188869506673,0.01109448669755699,0.05313207244424023
VRTX,0.01463100878394204,0.01038100879496569,-0.04437198172544554
DRFT,0.014712032383876071,0.01171452053623497,-0.017161879264399715
FLUX,0.014859563328839467,0.011951541684189118,0.018247437194419125
IONA,0.015279425416879086,0.011304717465444005,0.18231018446580993
PLSR,0.016058420383260767,0.011597284816005778,0.14203465498563028
EMBR,0.016296085512680494,0.012390893691437366,0.10094565551415635
NOVA,0.016453553427417417,0.01070637446209038,0.21008615942059128
SLCE,0.016619744078412796,0.012073907868182127,0.03667721229065912
RVLT,0.01719224238508098,0.012345763315875247,0.26634071141202287
UMBR,0.018372220478185965,0.012768453762123103,0.11803116012382564
KRYO,0.020454828372697714,0.013450236887965166,0.1343707260307565
ORBT,0.021506612557614466,0.013298517698041275,0.13476306788795966
WAVE,0.024076084870343177,0.01595438630091146,0.02495010505508699
CIVN,0.025268243934575375,0.017285791198858806,0.1016220456422543
TRNX,0.026486735512086027,0.018745570164595337,-0.20613175551814633
XNDR,0.02798341402656931,0.019243589951109873,0.1505460241439791
GLDN,0.032755790104013235,0.01975841389762874,-0.12103425571536164
QNTA,0.03541356741644021,0.019118013622051674,-0.0813742453869779
